term,estimate,std.error,statistic,p.value,padj
(Intercept),0.5516254404263591,0.12246524331981161,4.504342827995842,8.31742626304092e-6,3.326970505216368e-5
log(serum_prostatic_acid_phosphatase),0.24327754273351246,0.05242046164612443,4.640888979112959,4.450535375727856e-6,3.326970505216368e-5
serum_hemoglobin,-0.034709537612282224,0.009009510988462038,-3.852544012292424,1.3229935538402446e-4,3.527982810240652e-4
log(serum_prostatic_acid_phosphatase):serum_hemoglobin,-0.010521647947221331,0.004039208232791934,-2.6048788130808203,0.009467684292663993,0.018935368585327985
