term,estimate,std.error,statistic,p.value,padj
(Intercept),3.055752711766724,0.5551087328774981,5.504782271982506,6.04665109958129e-8,4.232655769706903e-7
log(serum_prostatic_acid_phosphatase),0.24209940475734854,0.054256241902735425,4.462148432457919,1.0133645090287377e-5,3.546775781600582e-5
